k,theta,shares,spread_c,as_100ms_c,net_100ms_c,as_1s_c,net_1s_c,as_5s_c,net_5s_c,as_30s_c,net_30s_c,inv_rms
0.0,,5873869.0,0.7103616032294876,-0.9158307752522216,-0.20546917202273396,-0.9407462100363536,-0.230384606806866,-0.9895907620684115,-0.27922915883892385,-1.0952381641470028,-0.3848765609175152,294.1759901326038
0.0,0.8,4272160.0,0.7429546178045694,-0.9443728699299593,-0.20141825212538988,-0.9835185245870954,-0.24056390678252604,-1.0456324201340808,-0.30267780232951136,-1.1592488343133187,-0.4162942165087493,300.1211630420764
0.0,0.6,2900980.0,0.7706028652386303,-0.9841193320877681,-0.21351646684913783,-1.0254388172272786,-0.2548359519886483,-1.0912658825638255,-0.3206630173251952,-1.2299602203393254,-0.4593573551006951,316.4991558059636
0.0,0.4,1922456.0,0.8044904538777334,-1.0172799793597285,-0.21278952548199503,-1.0672379497892257,-0.26274749591149227,-1.120893534104291,-0.3164030802265575,-1.2711770776548215,-0.466686623777088,323.977322661664
0.0,0.2,1244266.0,0.8322191557110604,-1.0574282347986645,-0.22520907908760412,-1.100808830266202,-0.2685896745551416,-1.189457881192606,-0.35723872548154556,-1.4164097548273347,-0.5841905991162742,334.8216410104604
0.5,,7148181.0,0.5779777400712153,-0.8244293198507439,-0.24645157977952858,-0.8415133864125732,-0.26353564634135795,-0.8689074185446639,-0.29092967847344864,-0.9011421926781088,-0.3231644526068935,96.2476648608225
0.5,0.8,5442705.0,0.5890949445174744,-0.8429076167089687,-0.2538126721914944,-0.861875850335449,-0.27278090581797465,-0.8913016597445567,-0.3022067152270823,-0.9310965778964645,-0.34200163337899014,91.8470351807952
0.5,0.6,3889846.0,0.6000867386523698,-0.8640968048606489,-0.26401006620827905,-0.8831749380309633,-0.2830881993785934,-0.9217411177717575,-0.32165437911938766,-0.9791135690204644,-0.3790268303680946,87.69017864054098
0.5,0.4,2677225.0,0.6204372064357604,-0.8894540055467827,-0.2690167991110223,-0.9065629523106917,-0.28612574587493134,-0.9454196042544009,-0.32498239781864047,-1.0157588547843328,-0.3953216483485724,86.5429640642175
0.5,0.2,1780986.0,0.6404646078071304,-0.9158943416736512,-0.2754297338665208,-0.9434167365717651,-0.3029521287646346,-0.9921529422465958,-0.35168833443946534,-1.0925102723996691,-0.4520456645925387,86.34716153737031
1.0,,7351535.0,0.5146235446066726,-0.7834007455585816,-0.26877720095190905,-0.7968274652844619,-0.2822039206777893,-0.8188383786515343,-0.3042148340448617,-0.8408514004218164,-0.3262278558151438,72.24769950781634
1.0,0.8,5729170.0,0.5129482979209873,-0.790253125670908,-0.2773048277499207,-0.80336104531721,-0.2904127473962227,-0.829795939027816,-0.3168476411068287,-0.8557447239303398,-0.34279642600935256,68.59406989441473
1.0,0.6,4178407.0,0.5154187947703448,-0.8040244763135749,-0.2886056815432301,-0.8164972919105258,-0.301078497140181,-0.8458030775843478,-0.330384282814003,-0.8766431800444476,-0.36122438527410283,65.97529467627804
1.0,0.4,2919410.0,0.5326038480377827,-0.829706344775139,-0.29710249673735634,-0.8466577150862649,-0.31405386704848215,-0.8715887799247076,-0.3389849318869249,-0.9127782668415848,-0.3801744188038021,63.43835602611989
1.0,0.2,1960361.0,0.5499754892083625,-0.8513409009871109,-0.3013654117787484,-0.8700935695007157,-0.3201180802923532,-0.8903028574838994,-0.3403273682755369,-0.923131504860585,-0.37315601565222256,62.494068714792505
2.0,,8307201.0,0.36809558357863403,-0.70969060457307,-0.34159502099443595,-0.7176016326076631,-0.34950604902902904,-0.7348351147396099,-0.3667395311609759,-0.7510654912527094,-0.38296990767407535,55.64693159645174
2.0,0.8,6869491.0,0.33980297812457966,-0.7042668081230468,-0.3644638299984671,-0.7127455294722708,-0.3729425513476911,-0.7272847435130194,-0.38748176538843976,-0.7410923167378758,-0.40128933861329613,54.41449261206475
2.0,0.6,5334432.0,0.31462571835201353,-0.6940170949784288,-0.37939137662641526,-0.6978735505485847,-0.38324783219657116,-0.715049231108388,-0.4004235127563745,-0.7314930624291353,-0.4168673440771217,53.988292604898646
2.0,0.4,3866367.0,0.31033331807352765,-0.706373709479721,-0.39604039140619335,-0.7111885653896773,-0.4008552473161497,-0.7306198557974413,-0.4202865377239136,-0.7544389862628113,-0.4441056681892836,53.75259112160652
2.0,0.2,2615187.0,0.33114763877305964,-0.7343962401159072,-0.40324860134284757,-0.7372818846224014,-0.40613424584934177,-0.7740314554943897,-0.44288381672133004,-0.789969703887333,-0.45882206511427337,52.43992654705186
